true,pred,set_label
1,1,train
1,1,train
1,1,train
1,1,train
1,1,test
1,1,train
1,1,train
1,1,train
1,1,test
1,1,train
1,1,test
1,1,train
1,1,train
1,1,train
1,1,test
1,1,train
1,1,train
1,1,test
1,1,train
1,1,train
1,1,test
1,1,train
1,1,train
1,1,train
1,1,test
1,1,train
1,1,train
1,1,train
1,1,train
1,1,test
1,1,test
1,1,test
1,1,train
1,1,test
1,1,test
1,1,train
1,1,train
1,1,train
1,1,test
1,1,test
1,1,train
1,1,train
1,1,test
1,1,train
1,1,test
1,1,train
1,1,test
1,1,train
1,1,test
1,1,test
1,1,test
1,1,train
1,1,train
1,1,train
1,1,test
1,1,train
1,1,train
1,1,test
1,1,train
1,1,train
1,1,train
1,1,test
1,1,train
1,1,train
1,1,test
1,1,train
1,1,train
1,1,train
1,1,train
1,1,train
1,1,test
1,1,train
1,1,train
1,1,train
1,1,train
1,1,test
1,1,train
1,1,test
1,1,test
1,1,train
1,1,train
1,1,train
1,1,train
1,1,train
1,1,test
1,1,test
1,1,train
1,1,train
1,1,train
1,1,train
1,1,train
1,1,train
1,1,train
1,1,train
1,1,train
1,1,train
1,1,train
1,1,test
1,1,train
1,1,train
1,1,train
1,1,test
1,1,test
1,1,test
1,1,test
1,1,train
1,1,test
1,1,train
1,1,train
1,1,train
1,1,train
1,1,test
1,1,test
1,1,train
1,1,test
1,1,train
1,1,train
1,1,train
1,1,test
1,1,test
1,1,train
1,1,train
1,1,train
1,1,test
1,1,test
1,1,train
1,1,train
1,1,test
1,1,train
1,1,train
1,1,train
1,1,test
1,1,train
1,1,train
1,1,train
1,1,train
1,1,test
1,1,train
1,1,test
1,1,train
1,1,test
1,1,test
1,1,test
1,1,train
1,1,train
1,1,train
1,1,test
1,1,train
1,1,train
1,1,train
1,1,test
1,1,train
1,1,train
1,1,train
1,1,train
1,1,train
1,1,train
1,1,train
1,1,train
1,1,train
1,1,train
1,1,train
1,1,test
1,1,train
1,1,train
1,1,train
1,1,test
1,1,train
1,1,train
1,1,train
1,1,train
1,1,train
1,1,test
1,1,test
1,1,train
1,1,train
1,1,train
1,1,test
1,1,test
1,1,test
1,1,train
1,1,test
1,1,train
1,1,train
1,1,test
1,1,train
1,1,train
1,1,train
1,1,test
1,1,train
1,1,train
1,1,train
1,1,test
1,1,test
1,1,train
1,1,train
1,1,test
1,1,test
1,1,train
1,1,test
1,1,train
1,1,train
1,1,train
1,1,train
1,1,train
1,1,train
1,1,train
1,1,test
1,1,train
1,1,train
1,1,train
1,1,train
1,1,train
1,1,test
1,1,train
1,1,train
1,1,test
1,1,train
1,1,test
1,1,train
1,1,train
1,1,train
1,1,test
1,1,train
1,1,train
1,1,train
1,1,test
1,1,test
1,1,train
1,1,test
1,1,test
1,1,test
1,1,train
1,1,train
1,1,test
1,1,train
1,1,test
1,1,train
1,1,train
1,1,train
1,1,test
1,1,train
1,1,train
1,1,train
1,1,train
1,1,train
1,1,test
1,1,test
1,1,test
1,1,train
1,1,test
1,1,train
1,1,train
1,1,train
1,1,train
1,1,train
1,1,train
1,1,train
1,1,test
1,1,test
1,1,train
1,1,test
1,1,test
1,1,test
1,1,train
1,1,train
1,1,train
1,1,train
1,1,train
1,1,test
1,1,train
1,1,test
1,1,test
1,1,test
1,1,test
1,1,train
1,1,test
1,1,test
1,1,test
1,1,test
1,1,train
1,1,train
1,1,train
1,1,test
1,1,train
1,1,test
1,1,train
1,1,test
1,1,test
1,1,train
1,1,train
1,1,train
1,1,test
1,1,train
1,1,train
1,1,test
1,1,train
1,1,train
1,1,test
1,1,train
1,1,train
1,1,train
1,1,train
1,1,test
1,1,train
1,1,test
1,1,test
1,1,train
1,1,train
1,1,test
1,1,test
1,1,train
1,1,train
1,1,train
1,1,train
1,1,train
1,1,train
1,1,train
1,1,train
1,1,train
1,1,train
1,1,train
1,1,train
1,1,train
1,1,test
1,1,train
1,1,test
1,1,test
1,1,train
1,1,train
1,1,train
1,1,train
1,1,test
1,1,train
1,1,train
1,1,train
1,1,train
1,1,test
1,1,train
1,1,train
1,1,train
1,1,test
1,1,train
1,1,test
1,1,test
1,1,train
1,1,train
1,1,test
1,1,train
1,1,test
1,1,train
1,1,test
1,1,train
1,1,train
1,1,train
1,1,train
1,1,train
1,1,train
1,1,train
1,1,train
1,1,train
1,1,train
1,1,train
1,1,train
1,1,train
1,1,test
1,1,train
1,1,test
1,1,train
1,1,train
1,1,train
1,1,train
1,1,test
1,1,train
1,1,train
1,1,test
1,1,train
1,1,train
1,1,test
1,1,train
1,1,test
1,1,test
1,1,train
1,1,test
1,1,test
1,1,test
1,1,test
1,1,train
1,1,train
1,1,test
1,1,train
1,1,train
1,1,train
1,1,train
1,1,train
1,1,test
1,1,train
1,1,train
1,1,train
1,1,train
1,1,train
0,0,train
1,1,train
0,0,train
0,1,test
0,1,test
0,1,test
0,0,train
0,1,test
1,1,train
1,1,train
0,1,test
0,0,train
1,1,train
1,1,train
0,0,train
1,1,test
1,1,train
1,1,test
0,0,train
0,0,train
1,1,test
0,1,test
1,1,test
1,1,train
1,1,train
1,1,train
0,0,train
1,1,test
1,1,train
0,1,test
1,1,test
1,1,train
1,1,train
1,1,test
0,0,train
1,1,train
0,0,train
1,1,train
1,1,train
0,0,train
0,1,test
1,1,train
1,1,train
0,0,train
0,0,train
1,1,test
1,1,test
0,0,train
1,1,test
0,1,test
1,1,train
1,1,train
1,1,train
1,1,test
1,1,train
0,1,test
1,1,train
1,1,train
1,1,test
0,0,train
0,0,train
1,1,train
1,1,train
1,1,train
0,0,train
0,1,test
0,0,train
0,0,train
0,0,train
1,1,train
1,1,train
0,0,train
1,1,train
1,1,train
1,1,train
0,0,train
0,0,train
1,1,train
0,0,train
1,1,train
0,0,train
1,1,train
1,1,train
0,0,train
0,1,test
1,1,train
0,0,train
1,1,train
1,1,test
0,0,train
0,0,train
0,0,train
0,0,train
0,0,train
0,0,train
0,0,train
0,1,test
1,1,train
1,1,test
1,1,test
1,1,train
1,1,train
1,1,train
0,1,test
1,1,train
1,1,test
0,0,train
0,0,train
0,0,train
1,1,test
0,0,train
1,1,train
1,1,test
0,0,train
1,1,train
0,0,train
1,1,train
0,1,test
1,1,test
1,1,test
1,1,train
1,1,test
1,1,train
0,0,train
1,1,train
0,0,train
0,0,train
1,1,train
0,1,test
0,0,train
1,1,train
0,0,train
0,1,test
0,1,test
0,0,train
1,1,train
0,0,train
1,1,train
0,0,train
0,0,train
1,1,train
0,0,train
0,1,test
1,1,train
0,0,train
0,1,test
1,1,test
0,0,train
1,1,test
1,1,test
0,1,test
1,1,train
1,1,train
0,0,train
0,0,train
1,1,train
0,0,train
0,0,train
1,1,test
0,0,train
1,1,train
1,1,train
0,0,train
1,1,train
0,0,train
0,0,train
0,0,train
1,1,train
1,1,test
1,1,test
0,1,test
1,1,train
0,0,train
0,0,train
1,1,test
0,0,train
0,1,test
0,0,train
0,0,train
0,0,train
0,1,test
1,1,train
0,1,test
1,1,test
1,1,train
0,0,train
0,0,train
0,1,test
0,0,train
0,1,test
1,1,train
1,1,train
1,1,test
1,1,test
1,1,train
0,1,test
0,0,train
1,1,train
1,1,test
0,1,test
1,1,train
0,0,train
0,0,train
0,0,train
1,1,train
1,1,train
1,1,train
0,0,train
1,1,train
0,1,test
0,0,train
1,1,test
1,1,train
1,1,train
1,1,train
0,0,train
0,1,test
1,1,test
1,1,test
0,1,test
1,1,test
0,1,test
0,0,train
1,1,train
0,0,train
0,1,test
0,0,train
1,1,train
1,1,train
1,1,test
1,1,train
0,0,train
0,0,train
0,1,test
1,1,test
1,1,train
1,1,train
0,1,test
1,1,test
0,0,train
0,0,train
1,1,train
1,1,test
0,1,test
0,0,train
0,0,train
0,0,train
0,1,test
0,1,test
1,1,train
1,1,train
0,1,test
0,0,train
0,0,train
1,1,train
0,1,test
1,1,train
0,0,train
0,0,train
0,0,train
1,1,train
0,0,train
0,1,test
1,1,test
0,0,train
0,0,train
0,0,train
1,1,train
0,0,train
1,1,test
1,1,test
0,0,train
0,0,train
1,1,test
0,1,test
0,0,train
1,1,train
0,0,train
1,1,test
0,0,train
1,1,test
1,1,train
1,1,train
0,0,train
1,1,train
1,1,train
0,1,test
1,1,train
1,1,train
1,1,train
0,0,train
1,1,train
1,1,test
0,1,test
0,0,train
1,1,train
0,0,train
1,1,train
0,0,train
0,1,test
0,0,train
1,1,train
1,1,test
1,1,test
0,0,train
1,1,test
0,0,train
0,0,train
1,1,test
1,1,train
0,1,test
1,1,test
0,0,train
0,0,train
1,1,train
1,1,train
1,1,test
0,0,train
0,0,train
1,1,train
1,1,train
0,1,test
1,1,train
1,1,train
1,1,test
1,1,train
1,1,test
0,1,test
0,0,train
1,1,train
1,1,test
1,1,train
1,1,test
1,1,test
1,1,test
1,1,train
1,1,train
1,1,test
0,0,train
0,1,test
0,0,train
0,0,train
0,1,test
0,0,train
0,0,train
0,1,test
1,1,train
0,0,train
1,1,train
0,0,train
0,0,train
1,1,train
0,0,train
0,0,train
0,1,test
0,0,train
0,0,train
1,1,train
1,1,test
1,1,test
0,1,test
1,1,train
1,1,test
1,1,train
0,0,train
0,0,train
0,1,test
0,0,train
0,0,train
0,0,train
1,1,test
0,0,train
1,1,train
1,1,train
0,1,test
1,1,train
0,1,test
0,0,train
1,1,train
1,1,test
1,1,test
0,0,train
1,1,train
1,1,train
1,1,test
0,0,train
0,0,train
1,1,train
0,0,train
1,1,train
1,1,train
1,1,test
0,0,train
0,0,train
0,0,train
0,0,train
1,1,test
1,1,train
0,1,test
1,1,test
1,1,train
1,1,train
0,0,train
0,0,train
1,1,train
1,1,test
1,1,test
1,1,test
0,0,train
1,1,test
0,0,train
0,0,train
0,0,train
0,0,train
1,1,test
0,0,train
1,1,train
1,1,test
0,0,train
1,1,test
1,1,train
1,1,train
1,1,test
0,0,train
0,1,test
0,0,train
1,1,test
1,1,train
0,0,train
1,1,train
1,1,train
1,1,test
0,0,train
1,1,train
0,1,test
0,0,train
0,1,test
1,1,train
0,1,test
0,0,train
1,1,train
0,0,train
1,1,test
0,1,test
0,1,test
0,1,test
0,0,train
0,0,train
1,1,test
1,1,test
0,0,train
1,1,train
0,1,test
0,1,test
0,0,train
0,0,train
1,1,test
1,1,train
0,0,train
0,0,train
1,1,train
0,1,test
1,1,train
0,1,test
0,1,test
0,1,test
0,0,train
1,1,train
1,1,test
1,1,train
1,1,train
0,0,train
1,1,train
1,1,test
0,0,train
1,1,test
0,0,train
0,0,train
1,1,train
0,0,train
1,1,train
0,1,test
0,0,train
0,0,train
1,1,test
0,1,test
0,0,train
0,0,train
0,0,train
0,1,test
1,1,test
1,1,train
1,1,train
0,0,train
0,0,train
1,1,train
0,0,train
0,0,train
1,1,train
0,0,train
0,0,train
1,1,train
1,1,train
1,1,test
1,1,train
1,1,train
1,1,train
1,1,test
0,1,test
1,1,train
0,0,train
0,0,train
1,1,train
0,0,train
1,1,train
0,1,test
0,0,train
0,1,test
1,1,train
0,1,test
0,0,train
1,1,train
0,0,train
0,0,train
0,0,train
0,0,train
0,1,test
0,1,test
0,0,train
1,1,train
0,0,train
0,0,train
0,0,train
0,1,test
0,1,test
1,1,test
0,0,train
0,0,train
1,1,train
1,1,train
1,1,test
1,1,test
0,0,train
0,0,train
0,1,test
1,1,train
0,1,test
1,1,train
0,0,train
1,1,train
1,1,train
0,1,test
1,1,test
1,1,test
1,1,train
0,0,train
0,1,test
1,1,test
0,1,test
0,0,train
0,0,train
0,0,train
1,1,test
1,1,train
0,0,train
1,1,train
0,1,test
0,1,test
0,0,train
0,1,test
0,0,train
0,1,test
1,1,train
0,1,test
0,0,train
0,1,test
1,1,train
1,1,test
0,0,train
0,1,test
0,0,train
0,0,train
1,1,train
0,0,train
1,1,test
0,0,train
0,0,train
1,1,train
0,0,train
0,0,train
1,1,train
1,1,train
0,0,train
1,1,test
0,0,train
0,0,train
0,0,train
1,1,test
0,0,train
